{
    "training": {
        "total_loss": [
            136.192,
            119.002,
            110.893,
            104.935,
            100.149,
            96.012,
            92.313,
            89.357,
            86.474,
            82.147,
            81.476,
            78.522,
            76.491,
            74.747,
            70.903
        ],
        "normL2": [
            3.452896191156318,
            3.0218481862364235,
            2.8278187565463586,
            2.6907097336905887,
            2.585907443955137,
            2.496140911323224,
            2.416201030555089,
            2.3520481671287463,
            2.30301049557659,
            2.2291919965144884,
            2.2075117684259657,
            2.1528378536468766,
            2.1257708618167,
            2.0960215806510263,
            2.015490160040761
        ],
        "mean_loss": [
            0.08713506799017247,
            0.07613680389443424,
            0.07094896936065787,
            0.06713721110716091,
            0.06407489045091111,
            0.061428031046956454,
            0.05906115454679411,
            0.057170380073732395,
            0.05532565947100091,
            0.052557498186240385,
            0.05212764884747436,
            0.05023799557477159,
            0.048938351813215174,
            0.04782256492582208,
            0.045363687596719424
        ],
        "silhouette": [
            0.12208500504493713,
            0.2662138342857361,
            0.3296983242034912,
            0.38324064016342163,
            0.4189455509185791,
            0.4249257743358612,
            0.4484802782535553,
            0.4620358347892761,
            0.4745398461818695,
            0.47858956456184387,
            0.4847639203071594,
            0.49776986241340637,
            0.5078852772712708,
            0.5112297534942627,
            0.5104581713676453
        ],
        "tolerance": [
            0.7451666666666666,
            0.9686666666666667,
            0.9893333333333333,
            0.994,
            0.997,
            0.9963333333333333,
            0.9966666666666667,
            0.9966666666666667,
            0.9966666666666667,
            0.9971666666666666,
            0.9971666666666666,
            0.998,
            0.9973333333333333,
            0.9981666666666666,
            0.9978333333333333
        ]
    },
    "validation": {
        "recall": [
            0.481,
            0.533,
            0.599,
            0.615,
            0.666,
            0.69,
            0.723,
            0.733,
            0.758,
            0.756,
            0.783,
            0.782,
            0.758,
            0.797,
            0.784
        ]
    }
}