{
    "training": {
        "total_loss": [
            135.242,
            118.962,
            111.115,
            104.776,
            101.046,
            96.871,
            92.602,
            90.486,
            88.355,
            84.445,
            82.596,
            79.828,
            78.029,
            74.26,
            73.628
        ],
        "normL2": [
            3.429287749099115,
            3.0214722165825254,
            2.837012002050286,
            2.6893646820506265,
            2.6093619867638953,
            2.522430860013336,
            2.4255062314408753,
            2.379584532621408,
            2.3441689852339276,
            2.2661716055482732,
            2.2303197695756607,
            2.1808897320487457,
            2.152479492322228,
            2.0735673765952107,
            2.068818443780623
        ],
        "mean_loss": [
            0.08652689068155722,
            0.0761110206764437,
            0.07109103992138051,
            0.06703498316255427,
            0.06464859752803183,
            0.06197785101449611,
            0.05924623735041685,
            0.05789282095695411,
            0.05652894211250166,
            0.054027368766222904,
            0.05284468767960733,
            0.051073751608368606,
            0.049922800334039376,
            0.04751101970435457,
            0.047106741067446334
        ],
        "silhouette": [
            0.12482363730669022,
            0.2708708643913269,
            0.3445480465888977,
            0.3779328465461731,
            0.41279688477516174,
            0.4364120364189148,
            0.449337363243103,
            0.4654967486858368,
            0.4782962203025818,
            0.484977662563324,
            0.4997416138648987,
            0.4883540868759155,
            0.51227205991745,
            0.5171357989311218,
            0.5219565629959106
        ],
        "tolerance": [
            0.7446666666666667,
            0.9715,
            0.993,
            0.9936666666666667,
            0.9963333333333333,
            0.9961666666666666,
            0.997,
            0.998,
            0.9971666666666666,
            0.9976666666666667,
            0.9973333333333333,
            0.9973333333333333,
            0.9981666666666666,
            0.9973333333333333,
            0.998
        ]
    },
    "validation": {
        "recall": [
            0.467,
            0.511,
            0.565,
            0.589,
            0.616,
            0.649,
            0.665,
            0.685,
            0.693,
            0.676,
            0.717,
            0.696,
            0.714,
            0.728,
            0.722
        ]
    }
}